{
  "x_mean": [
    225.56256103515625,
    59.16291809082031,
    1011.0138549804688
  ],
  "x_std": [
    86.13793182373047,
    29.989545822143555,
    1195.5335693359375
  ],
  "y_mean": [
    0.32858332991600037
  ],
  "y_std": [
    0.4804475009441376
  ]
}