{
  "target_len": 1024,
  "grid_start_s": -0.0005000000237487257,
  "grid_end_s": 0.0408720001578331,
  "grid_start_us": -500.00002374872565,
  "grid_end_us": 40872.0001578331
}