{
  "x_mean": [
    226.44859313964844,
    45.92523193359375,
    706.897216796875
  ],
  "x_std": [
    84.70917510986328,
    44.994693756103516,
    793.8895874023438
  ],
  "y_mean": [
    0.18300418555736542
  ],
  "y_std": [
    0.2188384234905243
  ]
}